{
    "aws": {
        "us-east-2": 0.00271,
        "us-east-1": 0.00271,
        "us-west-1": 0.00323,
        "us-west-2": 0.00271,
        "ap-east-1": 0.00466,
        "ap-south-1": 0.00296,
        "ap-northeast-3": 0.00333,
        "ap-northeast-2": 0.00326,
        "ap-southeast-1": 0.00333,
        "ap-southeast-2": 0.00333,
        "ap-northeast-1": 0.00333,
        "ca-central-1": 0.00292,
        "eu-central-1": 0.00312,
        "eu-west-1": 0.00292,
        "eu-west-2": 0.00308,
        "eu-west-3": 0.00308,
        "eu-north-1": 0.00276,
        "me-south-1": 0.00324,
        "sa-east-1": 0.00461
    },
    "azure": {
        "eastasia": 0.00954,
        "southeastasia": 0.00883,
        "centralus": 0.00846,
        "eastus": 0.00741,
        "eastus2": 0.00741,
        "westus": 0.00842,
        "northcentralus": 0.00741,
        "southcentralus": 0.00846,
        "northeurope": 0.00791,
        "westeurope": 0.00822,
        "japanwest": 0.00973,
        "japaneast": 0.00903,
        "brazilsouth": 0.0136,
        "australiaeast": 0.101,
        "australiasoutheast": 0.101,
        "southindia": 0.01,
        "centralindia": 0.00802,
        "westindia": 0.0102,
        "canadacentral": 0.00845,
        "canadaeast": 0.00824,
        "uksouth": 0.00832,
        "ukwest": 0.00830,
        "westcentralus": 0.00846,
        "westus2": 0.00741,
        "koreacentral": 0.00872,
        "koreasouth": 0.00925,
        "francecentral": 0.00832,
        "francesouth": 0.0116,
        "australiacentral": 0.0118,
        "australiacentral2": 0.0118,
        "uaecentral": 0.0115,
        "uaenorth": 0.00889,
        "southafricanorth": 0.00992,
        "southafricawest": 0.0121,
        "switzerlandnorth": 0.00986,
        "switzerlandwest": 0.0128,
        "germanynorth": 0.0106,
        "germanywestcentral": 0.00822,
        "norwaywest": 0.0117,
        "norwayeast": 0.00903
    },
    "100tb": {
        "2": 0.007,
        "3": 0.007,
        "4": 0.007,
        "5": 0.007,
        "6": 0.007,
        "7": 0.007,
        "8": 0.007,
        "9": 0.007,
        "10": 0.007,
        "11": 0.007,
        "12": 0.007,
        "13": 0.007,
        "14": 0.007,
        "15": 0.007,
        "16": 0.007,
        "17": 0.007,
        "18": 0.007,
        "19": 0.007,
        "20": 0.007
    },
    "upcloud": {
        "de-fra1": 0.007,
        "fi-hel1": 0.007,
        "fi-hel2": 0.007,
        "n1-ams1": 0.007,
        "sg-sin1": 0.007,
        "uk-lon1": 0.007,
        "us-chi1": 0.007,
        "us-sjo1": 0.007
    },
    "linode": {
        "ap-west": 0.0075,
        "ca-central": 0.0075,
        "ap-southeast": 0.0075,
        "us-central": 0.0075,
        "us-west": 0.0075,
        "us-southeast": 0.0075,
        "us-east": 0.0075,
        "eu-west": 0.0075,
        "ap-south": 0.0075,
        "eu-central": 0.0075,
        "ap-northeast": 0.0075
    },
    "vultr": {
        "1": 0.007,
        "2": 0.007,
        "3": 0.007,
        "4": 0.007,
        "5": 0.007,
        "6": 0.007,
        "7": 0.007,
        "8": 0.007,
        "9": 0.007,
        "12": 0.007,
        "19": 0.007,
        "22": 0.007,
        "24": 0.007,
        "25": 0.007,
        "39": 0.007,
        "40": 0.007
    }
}